x,y,theta,x_d,y_d,theta_d,v,w,state_cost,min_Traj_cost,t_mppi
55.29605485277716,87.97351075243205,90.72034755282061,54.585289001464844,100.69757080078125,90.720345,-0.0015401055570691824,0.05333961546421051,406.01723052347,2401.406494140625,0.09724044799804688
55.29613877506927,87.9809570433572,90.72828776237482,54.585289001464844,100.69757080078125,90.72828,0.0338008739054203,0.048026856034994125,405.5439321403506,2361.75732421875,0.015094280242919922
55.29613877506927,87.9809570433572,90.72828776237482,54.585289001464844,100.69757080078125,90.72828,0.08392736315727234,0.016097426414489746,405.5439321403506,2326.4130859375,0.015604019165039062
55.29619218152948,87.98498536460102,90.72566367151643,54.585289001464844,100.69757080078125,90.72566,0.1489991694688797,0.01933184638619423,405.2880295090195,2293.582275390625,0.014093160629272461
55.29619218152948,87.98498536460102,90.72566367151643,54.585289001464844,100.69757080078125,90.72566,0.21948394179344177,0.020479591563344002,405.2880295090195,2255.36181640625,0.012253284454345703
55.29620743938722,87.986694350373,90.73091144453885,54.585289001464844,100.69757080078125,90.73091,0.28238561749458313,0.010651428252458572,405.1794629073026,2216.912109375,0.012403726577758789
55.29620743938722,87.986694350373,90.73091144453885,54.585289001464844,100.69757080078125,90.73091,0.4199608862400055,-0.03974061459302902,405.1794629073026,2184.831787109375,0.016499757766723633
55.29623795859516,87.98925782321021,90.73353499920383,54.585289001464844,100.69757080078125,90.733536,0.49245399236679077,-0.021284857764840126,405.01666788886297,2155.3818359375,0.016138315200805664
55.29623795859516,87.98925782321021,90.73353499920383,54.585289001464844,100.69757080078125,90.733536,0.6122543215751648,0.02685881406068802,405.01666788886297,2123.729248046875,0.01331472396850586
55.296268475591205,87.9923095824197,90.73484941055239,54.585289001464844,100.69757080078125,90.73485,0.5939157009124756,0.03203768655657768,404.82288609857795,2098.32421875,0.0183713436126709
55.296268475591205,87.9923095824197,90.73484941055239,54.585289001464844,100.69757080078125,90.73485,0.6084643006324768,-0.004913764074444771,404.82288609857795,2074.572998046875,0.01294255256652832
55.296321881935,87.99658204242587,90.74012690826781,54.585289001464844,100.69757080078125,90.74012,0.6975801587104797,-0.05909144878387451,404.5517079924485,2046.83349609375,0.017652273178100586
55.296321881935,87.99658204242587,90.74012690826781,54.585289001464844,100.69757080078125,90.74012,0.7367618680000305,-0.026255035772919655,404.5517079924485,2018.3416748046875,0.022016048431396484
55.296321881935,87.99658204242587,90.74012690826781,54.585289001464844,100.69757080078125,90.74012,0.7447641491889954,-0.028897108510136604,404.5517079924485,1989.6942138671875,0.012620925903320312
55.29636002733605,88.00134278228506,90.74143658382461,54.585289001464844,100.69757080078125,90.74143,0.7768529057502747,-0.025709083303809166,404.2495697537028,1961.55224609375,0.013258218765258789
55.29636002733605,88.00134278228506,90.74143658382461,54.585289001464844,100.69757080078125,90.74143,0.7851760387420654,0.015381630510091782,404.2495697537028,1936.5675048828125,0.012919187545776367
55.29636002733605,88.00134278228506,90.74143658382461,54.585289001464844,100.69757080078125,90.74143,0.8360267281532288,0.06166627258062363,404.2495697537028,1901.7635498046875,0.013760089874267578
55.296405805507675,88.00598145835102,90.74672290658089,54.585289001464844,100.69757080078125,90.74672,0.9296745657920837,0.02969714254140854,403.95531786470195,1870.3687744140625,0.020989179611206055
55.296405805507675,88.00598145835102,90.74672290658089,54.585289001464844,100.69757080078125,90.74672,0.9250262379646301,-0.006719703786075115,403.95531786470195,1841.161865234375,0.013642072677612305
55.29642869369127,88.00781251071021,90.74800366815285,54.585289001464844,100.69757080078125,90.748,0.9681957960128784,0.010287972167134285,403.83921280571644,1814.3604736328125,0.017393827438354492
55.29642869369127,88.00781251071021,90.74800366815285,54.585289001464844,100.69757080078125,90.748,0.9646762609481812,-0.10390563309192657,403.83921280571644,1792.9237060546875,0.01629018783569336
55.29645920940675,88.01098634116352,90.74934227206928,54.585289001464844,100.69757080078125,90.749344,1.0007771253585815,-0.10414009541273117,403.63797078919583,1768.7987060546875,0.013726949691772461
55.29645920940675,88.01098634116352,90.74934227206928,54.585289001464844,100.69757080078125,90.749344,1.0372897386550903,-0.12799550592899323,403.63797078919583,1745.478271484375,0.01719832420349121
55.29645920940675,88.01098634116352,90.74934227206928,54.585289001464844,100.69757080078125,90.749344,1.1038728952407837,-0.1083626002073288,403.63797078919583,1721.747314453125,0.01714301109313965
55.29657365207095,88.02087403368205,90.75722000829177,54.585289001464844,100.69757080078125,90.75722,1.1420193910598755,-0.11173903197050095,403.011416947928,1692.10791015625,0.013844728469848633
55.29657365207095,88.02087403368205,90.75722000829177,54.585289001464844,100.69757080078125,90.75722,1.2367780208587646,-0.08516485244035721,403.011416947928,1665.731201171875,0.012667417526245117
55.29657365207095,88.02087403368205,90.75722000829177,54.585289001464844,100.69757080078125,90.75722,1.307194471359253,-0.10176704823970795,403.011416947928,1644.9901123046875,0.01300954818725586
55.29664231662173,88.02612305758521,90.76118796273738,54.585289001464844,100.69757080078125,90.761185,1.3637351989746094,-0.05398014187812805,402.67902861883175,1620.04443359375,0.017741680145263672
55.29664231662173,88.02612305758521,90.76118796273738,54.585289001464844,100.69757080078125,90.761185,1.3675481081008911,-0.07002691924571991,402.67902861883175,1597.544677734375,0.014339447021484375
55.296657575469,88.02795411273837,90.76249783170711,54.585289001464844,100.69757080078125,90.7625,1.3678932189941406,-0.1612197309732437,402.5630806750383,1575.4501953125,0.013402700424194336
55.296657575469,88.02795411273837,90.76249783170711,54.585289001464844,100.69757080078125,90.7625,1.437321662902832,-0.18104809522628784,402.5630806750383,1554.688232421875,0.015958309173583984
55.296657575469,88.02795411273837,90.76249783170711,54.585289001464844,100.69757080078125,90.7625,1.4596580266952515,-0.1312151551246643,402.5630806750383,1532.552490234375,0.014320611953735352
55.29671860911185,88.0317382933572,90.76380756907801,54.585289001464844,100.69757080078125,90.76381,1.4524426460266113,-0.12323862314224243,402.3236129818918,1510.7711181640625,0.01607489585876465
55.29671860911185,88.0317382933572,90.76380756907801,54.585289001464844,100.69757080078125,90.76381,1.5070346593856812,-0.13872790336608887,402.3236129818918,1486.9000244140625,0.016924142837524414
55.29684830986662,88.04284669226035,90.77168054057826,54.585289001464844,100.69757080078125,90.771675,1.5680153369903564,-0.17795303463935852,401.62089728038296,1463.3843994140625,0.017705440521240234
55.29684830986662,88.04284669226035,90.77168054057826,54.585289001464844,100.69757080078125,90.771675,1.6404920816421509,-0.22637096047401428,401.62089728038296,1443.1925048828125,0.013948917388916016
55.29684830986662,88.04284669226035,90.77168054057826,54.585289001464844,100.69757080078125,90.771675,1.703872561454773,-0.2231062650680542,401.62089728038296,1425.09228515625,0.013321876525878906
55.29689408605918,88.0467529417947,90.77559078904429,54.585289001464844,100.69757080078125,90.77559,1.7163093090057373,-0.17886348068714142,401.3739357441843,1406.1751708984375,0.016216039657592773
55.29689408605918,88.0467529417947,90.77559078904429,54.585289001464844,100.69757080078125,90.77559,1.780138373374939,-0.14524774253368378,401.3739357441843,1388.02978515625,0.015486717224121094
55.29691697412636,88.04858399555087,90.77680418705071,54.585289001464844,100.69757080078125,90.7768,1.8035919666290283,-0.07653620094060898,401.25820392591646,1371.733642578125,0.014637470245361328
55.29691697412636,88.04858399555087,90.77680418705071,54.585289001464844,100.69757080078125,90.7768,1.793882131576538,-0.0707574114203453,401.25820392591646,1352.3065185546875,0.014485836029052734
55.296985638386104,88.05456544226035,90.7780608497198,54.585289001464844,100.69757080078125,90.77805,1.8016512393951416,-0.05413740500807762,400.88024149648277,1333.6463623046875,0.015407323837280273
55.296985638386104,88.05456544226035,90.7780608497198,54.585289001464844,100.69757080078125,90.77805,1.8538621664047241,-0.043137822300195694,400.88024149648277,1318.8543701171875,0.016655921936035156
55.296985638386104,88.05456544226035,90.7780608497198,54.585289001464844,100.69757080078125,90.77805,1.9068779945373535,0.009699810296297073,400.88024149648277,1308.296875,0.013658523559570312
55.29705430386821,88.060424819123,90.78422386600613,54.585289001464844,100.69757080078125,90.784225,1.9437249898910522,0.052691832184791565,400.5101710186166,1300.9241943359375,0.014053821563720703
55.29705430386821,88.060424819123,90.78422386600613,54.585289001464844,100.69757080078125,90.784225,1.9167195558547974,0.04310688003897667,400.5101710186166,1282.739501953125,0.014084577560424805
55.29705430386821,88.060424819123,90.78422386600613,54.585289001464844,100.69757080078125,90.784225,1.8136993646621704,0.0817951038479805,400.5101710186166,1269.5782470703125,0.01379084587097168
55.29707719077123,88.06237794039771,90.78422386600613,54.585289001464844,100.69757080078125,90.784225,1.8008638620376587,0.07131214439868927,400.3868526138082,1261.1663818359375,0.01601576805114746
55.29707719077123,88.06237794039771,90.78422386600613,54.585289001464844,100.69757080078125,90.784225,1.7589523792266846,0.050790559500455856,400.3868526138082,1253.260986328125,0.016328096389770508
55.29712296684738,88.0665283324197,90.78422386600613,54.585289001464844,100.69757080078125,90.784225,1.7822811603546143,0.016065429896116257,400.1248535795636,1248.1949462890625,0.02123403549194336
55.29712296684738,88.0665283324197,90.78422386600613,54.585289001464844,100.69757080078125,90.784225,1.85702383518219,-0.01114280428737402,400.1248535795636,1237.936279296875,0.01645064353942871
55.29720689204987,88.07482911413535,90.79039214608035,54.585289001464844,100.69757080078125,90.79039,1.7963401079177856,-0.011389336548745632,399.60108692680774,1223.32275390625,0.01394033432006836
55.29720689204987,88.07482911413535,90.79039214608035,54.585289001464844,100.69757080078125,90.79039,1.8319928646087646,0.10242213308811188,399.60108692680774,1214.9334716796875,0.01670074462890625
55.29725266690366,88.07910157367587,90.79164400792803,54.585289001464844,100.69757080078125,90.79163,1.8074206113815308,0.18511563539505005,399.33164474077626,1207.4881591796875,0.013821125030517578
55.29730607336387,88.083618178498,90.79408013742369,54.585289001464844,100.69757080078125,90.794075,1.8592424392700195,0.14423958957195282,399.0469226697054,1201.3712158203125,0.013484001159667969
55.29730607336387,88.083618178498,90.79408013742369,54.585289001464844,100.69757080078125,90.794075,1.8329744338989258,0.13897138833999634,399.0469226697054,1196.9927978515625,0.01425027847290039
55.297344220103696,88.08776856726035,90.79777366371809,54.585289001464844,100.69757080078125,90.797775,1.8823097944259644,0.18757180869579315,398.78533750724847,1184.50146484375,0.013804912567138672
55.297344220103696,88.08776856726035,90.79777366371809,54.585289001464844,100.69757080078125,90.797775,1.8942255973815918,0.21713130176067352,398.78533750724847,1175.939697265625,0.018062353134155273
55.297412885236554,88.09436036506668,90.79652627267338,54.585289001464844,100.69757080078125,90.796524,1.8983420133590698,0.16442479193210602,398.370084281857,1173.660400390625,0.015163183212280273
55.297412885236554,88.09436036506668,90.79652627267338,54.585289001464844,100.69757080078125,90.796524,1.8636995553970337,0.16170768439769745,398.370084281857,1167.46337890625,0.01827549934387207
55.297412885236554,88.09436036506668,90.79652627267338,54.585289001464844,100.69757080078125,90.796524,1.8580338954925537,0.18516163527965546,398.370084281857,1166.09033203125,0.017406225204467773
55.2974357730709,88.09692383976653,90.80147182168332,54.585289001464844,100.69757080078125,90.80147,1.8870655298233032,0.2087874710559845,398.20864215109594,1154.9871826171875,0.01602315902709961
55.2974357730709,88.09692383976653,90.80147182168332,54.585289001464844,100.69757080078125,90.80147,1.8953602313995361,0.19076190888881683,398.20864215109594,1151.6612548828125,0.015841960906982422
55.297489178250544,88.10131837008521,90.80391301422688,54.585289001464844,100.69757080078125,90.80392,1.874077320098877,0.2017439305782318,397.9320109740737,1153.8155517578125,0.014609813690185547
55.297489178250544,88.10131837008521,90.80391301422688,54.585289001464844,100.69757080078125,90.80392,1.803635597229004,0.1545940488576889,397.9320109740737,1152.681884765625,0.013521909713745117
55.297580732090864,88.11108399508521,90.80516034264025,54.585289001464844,100.69757080078125,90.80516,1.8704363107681274,0.16032154858112335,397.3175240486968,1146.05517578125,0.013436079025268555
55.297580732090864,88.11108399508521,90.80516034264025,54.585289001464844,100.69757080078125,90.80516,1.8570539951324463,0.1682247519493103,397.3175240486968,1134.241943359375,0.014551877975463867
55.29767228499986,88.12023926852271,90.8090371607874,54.585289001464844,100.69757080078125,90.80904,1.8685615062713623,0.1410202980041504,396.7418960375128,1120.3892822265625,0.016712188720703125
55.29767228499986,88.12023926852271,90.8090371607874,54.585289001464844,100.69757080078125,90.80904,1.8710001707077026,0.12025268375873566,396.7418960375128,1124.0494384765625,0.01639556884765625
55.29767228499986,88.12023926852271,90.8090371607874,54.585289001464844,100.69757080078125,90.80904,1.8733164072036743,0.10286501795053482,396.7418960375128,1127.7479248046875,0.014548063278198242
55.29767228499986,88.12023926852271,90.8090371607874,54.585289001464844,100.69757080078125,90.80904,1.875050663948059,0.0884159728884697,396.7418960375128,1131.5015869140625,0.013299942016601562
55.2977485768497,88.1275634886697,90.81840112397771,54.585289001464844,100.69757080078125,90.8184,1.8766018152236938,0.07587254792451859,396.2817061827389,1133.4322509765625,0.01489710807800293
55.2977485768497,88.1275634886697,90.81840112397771,54.585289001464844,100.69757080078125,90.8184,1.8780213594436646,0.06473419070243835,396.2817061827389,1137.25244140625,0.01731252670288086
55.29780961351935,88.13500977959484,90.82002061807663,54.585289001464844,100.69757080078125,90.82002,1.879352331161499,0.05468451976776123,395.81406258408674,1139.237548828125,0.012873649597167969
55.29780961351935,88.13500977959484,90.82002061807663,54.585289001464844,100.69757080078125,90.82002,1.880602240562439,0.04553702846169472,395.81406258408674,1143.1422119140625,0.01334071159362793
55.29780961351935,88.13500977959484,90.82002061807663,54.585289001464844,100.69757080078125,90.82002,1.8817689418792725,0.03718244284391403,395.81406258408674,1147.07861328125,0.015509605407714844
55.29789353557862,88.14270020881668,90.82325967424578,54.585289001464844,100.69757080078125,90.82326,1.8828487396240234,0.02955041266977787,395.3314520075409,1149.0926513671875,0.01472616195678711
55.29789353557862,88.14270020881668,90.82325967424578,54.585289001464844,100.69757080078125,90.82326,1.883829951286316,0.022598104551434517,395.3314520075409,1153.11962890625,0.020261287689208984
55.29789353557862,88.14270020881668,90.82325967424578,54.585289001464844,100.69757080078125,90.82326,1.884705901145935,0.016287323087453842,395.3314520075409,1157.1744384765625,0.015177011489868164
55.29796982917469,88.15075684618205,90.8282341768702,54.585289001464844,100.69757080078125,90.82823,1.8802279233932495,0.0336168147623539,394.82613593377613,1156.5274658203125,0.01970982551574707
55.29796982917469,88.15075684618205,90.8282341768702,54.585289001464844,100.69757080078125,90.82823,1.885373830795288,0.006774767301976681,394.82613593377613,1153.3355712890625,0.013524532318115234
55.29796982917469,88.15075684618205,90.8282341768702,54.585289001464844,100.69757080078125,90.82823,1.8848040103912354,-0.0026943273842334747,394.82613593377613,1157.4337158203125,0.0142974853515625
55.298023237264715,88.15649415086955,90.83003246952985,54.585289001464844,100.69757080078125,90.83004,1.8957602977752686,0.04859750345349312,394.46648407460435,1159.4482421875,0.018444538116455078
55.29806138400454,88.16113282553852,90.83754021545889,54.585289001464844,100.69757080078125,90.83753,1.9068387746810913,0.0384778194129467,394.1758039410486,1148.72021484375,0.01709771156311035
55.29806138400454,88.16113282553852,90.83754021545889,54.585289001464844,100.69757080078125,90.83753,1.9065577983856201,0.030804026871919632,394.1758039410486,1152.930908203125,0.013056516647338867
55.29806138400454,88.16113282553852,90.83754021545889,54.585289001464844,100.69757080078125,90.83753,1.9054704904556274,0.025100011378526688,394.1758039410486,1157.22412109375,0.014088153839111328
55.29811478848569,88.16699219681323,90.84132573704511,54.585289001464844,100.69757080078125,90.841324,1.9041147232055664,0.020129870623350143,393.8088018821578,1160.031982421875,0.013088703155517578
55.29811478848569,88.16699219681323,90.84132573704511,54.585289001464844,100.69757080078125,90.841324,1.9025657176971436,0.015780694782733917,393.8088018821578,1164.3951416015625,0.01665329933166504
55.298168195644394,88.17260743305087,90.84516950137758,54.585289001464844,100.69757080078125,90.84517,1.900949239730835,0.01174180768430233,393.45726027120503,1167.33056640625,0.01488637924194336
55.298168195644394,88.17260743305087,90.84516950137758,54.585289001464844,100.69757080078125,90.84517,1.8993473052978516,0.007931656204164028,393.45726027120503,1171.7542724609375,0.012900352478027344
55.29825974779669,88.18347169226035,90.84706502222522,54.585289001464844,100.69757080078125,90.84705,1.8978148698806763,0.0043119643814861774,392.77750945752115,1173.3955078125,0.013148069381713867
55.29825974779669,88.18347169226035,90.84706502222522,54.585289001464844,100.69757080078125,90.84705,1.8963861465454102,0.0008806276600807905,392.77750945752115,1177.8934326171875,0.016233205795288086
55.29825974779669,88.18347169226035,90.84706502222522,54.585289001464844,100.69757080078125,90.84705,1.8950799703598022,-0.0023581848945468664,392.77750945752115,1182.4161376953125,0.017677783966064453
55.29832078167237,88.18933106726035,90.85475258887689,54.585289001464844,100.69757080078125,90.85475,1.893876552581787,-0.005405738018453121,392.41118887704204,1185.454345703125,0.01829814910888672
55.29834367061267,88.19201661273837,90.86049193102606,54.585289001464844,100.69757080078125,90.86049,1.8928353786468506,-0.008247892372310162,392.2433312781758,1189.354248046875,0.017495155334472656
55.29834367061267,88.19201661273837,90.86049193102606,54.585289001464844,100.69757080078125,90.86049,1.916863203048706,-0.022409774363040924,392.2433312781758,1191.889892578125,0.013394832611083984
55.29836655856343,88.19433595007285,90.85853361327271,54.585289001464844,100.69757080078125,90.858536,1.9069325923919678,-0.027835477143526077,392.09840333601664,1187.3145751953125,0.01462697982788086
55.29836655856343,88.19433595007285,90.85853361327271,54.585289001464844,100.69757080078125,90.858536,1.9058876037597656,-0.018990034237504005,392.09840333601664,1191.98876953125,0.018355607986450195
55.29846574214753,88.20568848820403,90.86811686006494,54.585289001464844,100.69757080078125,90.86812,1.900805115699768,-0.007109162863343954,391.38936193682576,1193.7320556640625,0.014012575149536133
55.29846574214753,88.20568848820403,90.86811686006494,54.585289001464844,100.69757080078125,90.86812,1.898352026939392,-0.006917343009263277,391.38936193682576,1197.442626953125,0.0201108455657959
55.29851151769981,88.2110595824197,90.87196541452431,54.585289001464844,100.69757080078125,90.87196,1.896686315536499,-0.005592239089310169,391.05412190983384,1200.8096923828125,0.014998197555541992
55.29851151769981,88.2110595824197,90.87196541452431,54.585289001464844,100.69757080078125,90.87196,1.895691990852356,-0.005140170454978943,391.05412190983384,1205.6419677734375,0.014203310012817383
55.29858018294908,88.21740723913535,90.87196541452431,54.585289001464844,100.69757080078125,90.87196,1.8951632976531982,-0.0051190974190831184,390.6581670875429,1208.8521728515625,0.017055988311767578
55.29864884709241,88.22363282740116,90.87581423872734,54.585289001464844,100.69757080078125,90.87582,1.908141016960144,0.006480114068835974,390.27002708271885,1209.4534912109375,0.012069225311279297
55.29864884709241,88.22363282740116,90.87581423872734,54.585289001464844,100.69757080078125,90.87582,1.915866494178772,-0.015846315771341324,390.27002708271885,1193.9425048828125,0.01749444007873535
55.2987098810263,88.22924805944785,90.87962435946373,54.585289001464844,100.69757080078125,90.879616,1.922603964805603,-0.013461854308843613,389.92010333361435,1197.3282470703125,0.014211416244506836
55.2987098810263,88.22924805944785,90.87962435946373,54.585289001464844,100.69757080078125,90.879616,1.9270645380020142,-0.01551755703985691,389.92010333361435,1202.2718505859375,0.01406097412109375
55.29877854709048,88.23620606493205,90.88154871829839,54.585289001464844,100.69757080078125,90.88155,1.929823398590088,-0.01649317890405655,389.4866960289578,1205.453857421875,0.01697850227355957
55.29877854709048,88.23620606493205,90.88154871829839,54.585289001464844,100.69757080078125,90.88155,1.9314666986465454,-0.017777366563677788,389.4866960289578,1210.5570068359375,0.01250314712524414
55.29881669324823,88.23925782274455,90.88728302349149,54.585289001464844,100.69757080078125,90.88728,1.9324206113815308,-0.01920539140701294,389.29671006414856,1214.9041748046875,0.01277470588684082
55.29881669324823,88.23925782274455,90.88728302349149,54.585289001464844,100.69757080078125,90.88728,1.9329111576080322,-0.02082526497542858,389.29671006414856,1220.110107421875,0.015950441360473633
55.29881669324823,88.23925782274455,90.88728302349149,54.585289001464844,100.69757080078125,90.88728,1.9330576658248901,-0.02258952520787716,389.29671006414856,1225.3963623046875,0.013033151626586914
55.2989769114065,88.25476075103506,90.88728302349149,54.585289001464844,100.69757080078125,90.88728,1.9329153299331665,-0.02445320412516594,388.33218091715395,1226.6044921875,0.015483856201171875
55.2989769114065,88.25476075103506,90.88728302349149,54.585289001464844,100.69757080078125,90.88728,1.93250572681427,-0.026372235268354416,388.33218091715395,1231.978271484375,0.015862226486206055
55.2989769114065,88.25476075103506,90.88728302349149,54.585289001464844,100.69757080078125,90.88728,1.9317315816879272,-0.028018893674016,388.33218091715395,1237.4134521484375,0.012920379638671875
55.29904557426926,88.26135254791006,90.89687119171194,54.585289001464844,100.69757080078125,90.896866,1.9307782649993896,-0.02999899722635746,387.9224321956699,1241.120361328125,0.016393423080444336
55.29904557426926,88.26135254791006,90.89687119171194,54.585289001464844,100.69757080078125,90.896866,1.927888035774231,-0.0252066757529974,387.9224321956699,1246.65283203125,0.016985416412353516
55.29909898119513,88.2672119261697,90.9026066837728,54.585289001464844,100.69757080078125,90.9026,1.8789105415344238,-0.09869755804538727,387.5583660969921,1248.0640869140625,0.01576089859008789
55.29909898119513,88.2672119261697,90.9026066837728,54.585289001464844,100.69757080078125,90.9026,1.8739449977874756,-0.09077081084251404,387.5583660969921,1240.24169921875,0.014216899871826172
55.29916764626978,88.27404786460102,90.90834192766465,54.585289001464844,100.69757080078125,90.90834,1.913846731185913,-0.10735713690519333,387.13386216326217,1239.8179931640625,0.012096405029296875
55.29920579318423,88.27770997118205,90.91026172030675,54.585289001464844,100.69757080078125,90.910255,1.8907904624938965,-0.1940370351076126,386.90655053027865,1232.130126953125,0.01361703872680664
55.29920579318423,88.27770997118205,90.91026172030675,54.585289001464844,100.69757080078125,90.910255,1.8766632080078125,-0.11977104097604752,386.90655053027865,1220.5821533203125,0.01462101936340332
55.29920579318423,88.27770997118205,90.91026172030675,54.585289001464844,100.69757080078125,90.910255,1.885021686553955,-0.18670564889907837,386.90655053027865,1219.9339599609375,0.01853179931640625
55.299297345103696,88.28674317570403,90.91218163642736,54.585289001464844,100.69757080078125,90.91218,1.889470100402832,-0.1935112327337265,386.34612563541424,1214.91259765625,0.016383647918701172
55.299297345103696,88.28674317570403,90.91218163642736,54.585289001464844,100.69757080078125,90.91218,1.870158076286316,-0.13972294330596924,386.34612563541424,1205.93310546875,0.013474464416503906
55.29936601029476,88.29333497444168,90.91410650803509,54.585289001464844,100.69757080078125,90.9141,1.8623549938201904,-0.09481849521398544,385.93743102496416,1202.1522216796875,0.012719869613647461
55.29943467513658,88.3004150511697,90.91792188304218,54.585289001464844,100.69757080078125,90.91792,1.9106030464172363,-0.12565754354000092,385.49868680837733,1192.8466796875,0.016278982162475586
55.29943467513658,88.3004150511697,90.91792188304218,54.585289001464844,100.69757080078125,90.91792,1.8736534118652344,-0.19937677681446075,385.49868680837733,1191.2689208984375,0.016374826431274414
55.299495710176416,88.30639649787918,90.92445440750784,54.585289001464844,100.69757080078125,90.92445,1.9071393013000488,-0.18600252270698547,385.12822956917324,1188.812255859375,0.01494908332824707
55.299495710176416,88.30639649787918,90.92445440750784,54.585289001464844,100.69757080078125,90.92445,1.8698402643203735,-0.1793058067560196,385.12822956917324,1181.694091796875,0.013754606246948242
55.29955674475059,88.31335450289771,90.92876268120104,54.585289001464844,100.69757080078125,90.92876,1.8895176649093628,-0.1776047796010971,384.69747930465707,1176.573486328125,0.013250589370727539
55.299633038870525,88.32043458055705,90.92662063858668,54.585289001464844,100.69757080078125,90.92661,1.8533357381820679,-0.16144344210624695,384.25947104440723,1169.1153564453125,0.01562666893005371
55.299633038870525,88.32043458055705,90.92662063858668,54.585289001464844,100.69757080078125,90.92661,1.8556647300720215,-0.17368800938129425,384.25947104440723,1169.1380615234375,0.018437862396240234
55.29969407361932,88.32690430758521,90.93518936637213,54.585289001464844,100.69757080078125,90.93519,1.8531423807144165,-0.09109430015087128,383.85941023250814,1168.0936279296875,0.016680479049682617
55.29969407361932,88.32690430758521,90.93518936637213,54.585289001464844,100.69757080078125,90.93519,1.8307448625564575,-0.08363348245620728,383.85941023250814,1163.6168212890625,0.01828765869140625
55.299762737588026,88.33386231772602,90.93733148760646,54.585289001464844,100.69757080078125,90.937325,1.8171815872192383,-0.05591081455349922,383.4294004339544,1164.2515869140625,0.01801276206970215
55.299831403594,88.3410644675605,90.94166447377108,54.585289001464844,100.69757080078125,90.94166,1.8000627756118774,-0.09912946075201035,382.9845490184125,1156.8983154296875,0.012183427810668945
55.299831403594,88.3410644675605,90.94166447377108,54.585289001464844,100.69757080078125,90.94166,1.8241161108016968,-0.09714394062757492,382.9845490184125,1155.4892578125,0.017707347869873047
55.299892437062226,88.34790040412918,90.94593453210122,54.585289001464844,100.69757080078125,90.94594,1.8301670551300049,-0.09778208285570145,382.56254244028037,1157.7286376953125,0.013411521911621094
55.299892437062226,88.34790040412918,90.94593453210122,54.585289001464844,100.69757080078125,90.94594,1.8432561159133911,-0.08641469478607178,382.56254244028037,1161.1220703125,0.013213634490966797
55.29996110196225,88.35498048039153,90.94807191872493,54.585289001464844,100.69757080078125,90.948074,1.8441979885101318,-0.08655606955289841,382.1257300705184,1161.5628662109375,0.01311182975769043
55.3000221386319,88.36218262882903,90.9524049173349,54.585289001464844,100.69757080078125,90.95241,1.8463486433029175,-0.08201370388269424,381.68161202525835,1164.1182861328125,0.012864112854003906
55.3000221386319,88.36218262882903,90.9524049173349,54.585289001464844,100.69757080078125,90.95241,1.8485021591186523,-0.07682212442159653,381.68161202525835,1168.6112060546875,0.021315574645996094
55.300098430598155,88.36901856539771,90.95881761065262,54.585289001464844,100.69757080078125,90.95882,1.8315727710723877,-0.06728411465883255,381.260381851396,1171.147216796875,0.016028165817260742
55.300098430598155,88.36901856539771,90.95881761065262,54.585289001464844,100.69757080078125,90.95882,1.8361690044403076,-0.05386980623006821,381.260381851396,1169.8709716796875,0.016939163208007812
55.300098430598155,88.36901856539771,90.95881761065262,54.585289001464844,100.69757080078125,90.95882,1.7979974746704102,-0.09288118034601212,381.260381851396,1169.0072021484375,0.013571500778198242
55.30015946610365,88.37658692430705,90.96097916839487,54.585289001464844,100.69757080078125,90.960976,1.8135249614715576,-0.07967966049909592,380.7942086638754,1167.2769775390625,0.01325678825378418
55.30023576016538,88.3841552855447,90.96955870417501,54.585289001464844,100.69757080078125,90.96956,1.8244811296463013,-0.07716990262269974,380.3283762966119,1169.6494140625,0.01608586311340332
55.30023576016538,88.3841552855447,90.96955870417501,54.585289001464844,100.69757080078125,90.96956,1.832572340965271,-0.07411573082208633,380.3283762966119,1174.1097412109375,0.014839410781860352
55.300289165519644,88.39086915226653,90.96528334459683,54.585289001464844,100.69757080078125,90.96529,1.8382411003112793,-0.07143661379814148,379.9153267503832,1176.91650390625,0.012662410736083984
55.300289165519644,88.39086915226653,90.96528334459683,54.585289001464844,100.69757080078125,90.96529,1.8425753116607666,-0.0689723864197731,379.9153267503832,1181.575927734375,0.014111995697021484
55.300357831525616,88.39807130256668,90.97172537996029,54.585289001464844,100.69757080078125,90.971725,1.8571563959121704,-0.07441900670528412,379.4725283457625,1182.6488037109375,0.01617741584777832
55.3004341252381,88.40612793946639,90.97603449623972,54.585289001464844,100.69757080078125,90.976036,1.8473711013793945,-0.06871099025011063,378.9775004025619,1185.138671875,0.01672816276550293
55.3004341252381,88.40612793946639,90.97603449623972,54.585289001464844,100.69757080078125,90.976036,1.8499513864517212,-0.06591103971004486,378.9775004025619,1189.96337890625,0.015216350555419922
55.300487530766986,88.41284181177616,90.98030047475345,54.585289001464844,100.69757080078125,90.98029,1.8501003980636597,-0.06508354097604752,378.56518817404486,1193.077392578125,0.019046306610107422
55.300487530766986,88.41284181177616,90.98030047475345,54.585289001464844,100.69757080078125,90.98029,1.8613747358322144,-0.07472836226224899,378.56518817404486,1195.55224609375,0.012206315994262695
55.30054856603965,88.4206543089822,90.98463886722767,54.585289001464844,100.69757080078125,90.984634,1.8551855087280273,-0.043775543570518494,378.0856869783085,1193.4403076171875,0.013208627700805664
55.30054856603965,88.4206543089822,90.98463886722767,54.585289001464844,100.69757080078125,90.984634,1.853345513343811,-0.05548926442861557,378.0856869783085,1194.7998046875,0.015496492385864258
55.30060197087005,88.4288330199197,90.98889960589202,54.585289001464844,100.69757080078125,90.9889,1.85193932056427,-0.05546034500002861,377.5839984493476,1197.6650390625,0.014928817749023438
55.30060197087005,88.4288330199197,90.98889960589202,54.585289001464844,100.69757080078125,90.9889,1.8504332304000854,-0.05550152808427811,377.5839984493476,1202.674072265625,0.012868881225585938
55.30065537709743,88.43615723727271,90.99321379298439,54.585289001464844,100.69757080078125,90.99321,1.8378089666366577,-0.0848807543516159,377.1350290669423,1203.5433349609375,0.020459651947021484
55.30065537709743,88.43615723727271,90.99321379298439,54.585289001464844,100.69757080078125,90.99321,1.7964577674865723,-0.1311410814523697,377.1350290669423,1188.40869140625,0.013681888580322266
55.30073167086812,88.44702149555087,90.99534202413246,54.585289001464844,100.69757080078125,90.99534,1.8430970907211304,-0.18638847768306732,376.46954123270854,1179.85009765625,0.016716957092285156
55.30076981859747,88.45153809385374,91.00178421877094,54.585289001464844,100.69757080078125,91.00178,1.855442762374878,-0.12844137847423553,376.1930746470576,1170.7769775390625,0.013646125793457031
55.30076981859747,88.45153809385374,91.00178421877094,54.585289001464844,100.69757080078125,91.00178,1.840654969215393,-0.13161355257034302,376.1930746470576,1167.88134765625,0.014606475830078125
55.30076981859747,88.45153809385374,91.00178421877094,54.585289001464844,100.69757080078125,91.00178,1.8501695394515991,-0.1067858338356018,376.1930746470576,1172.6636962890625,0.014278650283813477
55.300792707304936,88.455200209748,91.00604995688653,54.585289001464844,100.69757080078125,91.00604,1.8425887823104858,-0.09907551109790802,375.9689581031668,1167.2811279296875,0.01322031021118164
55.300792707304936,88.455200209748,91.00604995688653,54.585289001464844,100.69757080078125,91.00604,1.8280085325241089,-0.11411832273006439,375.9689581031668,1164.5347900390625,0.018856525421142578
55.30088425904978,88.46704102959484,91.00397987383471,54.585289001464844,100.69757080078125,91.003975,1.8948894739151,-0.08216909319162369,375.24483764138796,1161.0220947265625,0.014896154403686523
55.30088425904978,88.46704102959484,91.00397987383471,54.585289001464844,100.69757080078125,91.003975,1.8836824893951416,-0.03723134100437164,375.24483764138796,1160.620849609375,0.01861405372619629
55.30093766388018,88.47521973820403,91.00604995688653,54.585289001464844,100.69757080078125,91.00604,1.832275390625,0.005805926397442818,374.7450462622482,1150.11669921875,0.017150402069091797
55.30097581166774,88.4825439574197,91.01075092421267,54.585289001464844,100.69757080078125,91.01075,1.8585081100463867,-0.006483912467956543,374.2977209858545,1148.42626953125,0.013433694839477539
55.301029218244366,88.49194337287918,91.01280863450738,54.585289001464844,100.69757080078125,91.01281,1.8633052110671997,0.011087651364505291,373.72406241667744,1135.365966796875,0.015776634216308594
55.301029218244366,88.49194337287918,91.01280863450738,54.585289001464844,100.69757080078125,91.01281,1.8630554676055908,0.004694002214819193,373.72406241667744,1134.4459228515625,0.013855934143066406
55.301029218244366,88.49194337287918,91.01280863450738,54.585289001464844,100.69757080078125,91.01281,1.85198974609375,-0.00046653259778395295,373.72406241667744,1129.931396484375,0.013670206069946289
55.3010749934474,88.50085450382903,91.01478317620703,54.585289001464844,100.69757080078125,91.01478,1.8311837911605835,0.028658680617809296,373.1805950366456,1131.036865234375,0.017915010452270508
55.3010749934474,88.50085450382903,91.01478317620703,54.585289001464844,100.69757080078125,91.01478,1.8102221488952637,0.023712921887636185,373.1805950366456,1126.4990234375,0.014806032180786133
55.301113140187226,88.50805665319785,91.01667053278375,54.585289001464844,100.69757080078125,91.01666,1.7829475402832031,0.06701108068227768,372.74164837928345,1123.782470703125,0.015262842178344727
55.301113140187226,88.50805665319785,91.01667053278375,54.585289001464844,100.69757080078125,91.01666,1.8096697330474854,0.05106480047106743,372.74164837928345,1120.7022705078125,0.013886213302612305
55.301174175110646,88.51660157367587,91.01765027581277,54.585289001464844,100.69757080078125,91.017654,1.8102635145187378,0.038521938025951385,372.2212572338352,1114.392822265625,0.014257431030273438
55.301174175110646,88.51660157367587,91.01765027581277,54.585289001464844,100.69757080078125,91.017654,1.816419005393982,0.03893163800239563,372.2212572338352,1118.386474609375,0.016694068908691406
55.301174175110646,88.51660157367587,91.01765027581277,54.585289001464844,100.69757080078125,91.017654,1.8196865320205688,0.03869915381073952,372.2212572338352,1122.4532470703125,0.017914772033691406
55.301258100313134,88.53308106493205,91.02344939032807,54.585289001464844,100.69757080078125,91.02345,1.8496745824813843,0.005124140530824661,371.2185557102155,1117.1396484375,0.016653776168823242
55.301258100313134,88.53308106493205,91.02344939032807,54.585289001464844,100.69757080078125,91.02345,1.8536289930343628,-0.001983232796192169,371.2185557102155,1111.987548828125,0.014366388320922852
55.301311505027115,88.54174805758521,91.0215030098976,54.585289001464844,100.69757080078125,91.0215,1.8597503900527954,0.01728128083050251,370.6917869740242,1103.6949462890625,0.013369321823120117
55.301311505027115,88.54174805758521,91.0215030098976,54.585289001464844,100.69757080078125,91.0215,1.8623147010803223,0.018699588254094124,370.6917869740242,1107.90478515625,0.013521194458007812
55.30136491172016,88.55065919039771,91.02534354665927,54.585289001464844,100.69757080078125,91.02534,1.8654268980026245,0.020173562690615654,370.1505659492961,1109.9462890625,0.015942096710205078
55.30136491172016,88.55065919039771,91.02534354665927,54.585289001464844,100.69757080078125,91.02534,1.836703896522522,-0.0035599148832261562,370.1505659492961,1108.5474853515625,0.016150236129760742
55.301403057063,88.55847168993205,91.02824822736633,54.585289001464844,100.69757080078125,91.028244,1.8415409326553345,0.030598068609833717,369.6763664091128,1104.0953369140625,0.012779712677001953
55.301403057063,88.55847168993205,91.02824822736633,54.585289001464844,100.69757080078125,91.028244,1.846840262413025,0.04727812111377716,369.6763664091128,1096.1031494140625,0.013198614120483398
55.301502240181435,88.57641602819785,91.03016720640387,54.585289001464844,100.69757080078125,91.03017,1.8756139278411865,0.08180645853281021,368.5883860605853,1085.5029296875,0.01381063461303711
55.301502240181435,88.57641602819785,91.03016720640387,54.585289001464844,100.69757080078125,91.03017,1.8780490159988403,0.041804492473602295,368.5883860605853,1087.8056640625,0.018117904663085938
55.301555645943154,88.58496094867587,91.03407219047962,54.585289001464844,100.69757080078125,91.03407,1.8538111448287964,0.031065495684742928,368.0708883382813,1076.9405517578125,0.019202709197998047
55.301555645943154,88.58496094867587,91.03407219047962,54.585289001464844,100.69757080078125,91.03407,1.8656682968139648,0.010377527214586735,368.0708883382813,1077.36181640625,0.013324737548828125
55.301555645943154,88.58496094867587,91.03407219047962,54.585289001464844,100.69757080078125,91.03407,1.8662675619125366,0.01284891925752163,368.0708883382813,1081.3511962890625,0.013423442840576172
55.301601422717795,88.59301758976653,91.03211500599869,54.585289001464844,100.69757080078125,91.032104,1.833361029624939,0.09179385751485825,367.58327980781996,1083.05029296875,0.012694120407104492
55.301601422717795,88.59301758976653,91.03211500599869,54.585289001464844,100.69757080078125,91.032104,1.838613510131836,0.02872018702328205,367.58327980781996,1080.2191162109375,0.014037132263183594
55.301647197688,88.60241700243205,91.03596183258205,54.585289001464844,100.69757080078125,91.035965,1.8385748863220215,0.030725806951522827,367.01478617754304,1077.2767333984375,0.01812577247619629
55.301647197688,88.60241700243205,91.03596183258205,54.585289001464844,100.69757080078125,91.035965,1.8476742506027222,0.037566836923360825,367.01478617754304,1079.2923583984375,0.013178825378417969
55.30169297562679,88.61035157274455,91.03791840642954,54.585289001464844,100.69757080078125,91.03792,1.8978699445724487,0.03784887120127678,366.53525830203796,1069.973388671875,0.013104915618896484
55.30169297562679,88.61035157274455,91.03791840642954,54.585289001464844,100.69757080078125,91.03792,1.903968095779419,0.040398187935352325,366.53525830203796,1062.3621826171875,0.01598811149597168
55.30169297562679,88.61035157274455,91.03791840642954,54.585289001464844,100.69757080078125,91.03792,1.8982584476470947,0.05081125721335411,366.53525830203796,1066.5020751953125,0.014259576797485352
55.301784527953714,88.62890625698492,91.04079267224371,54.585289001464844,100.69757080078125,91.040794,1.8952401876449585,0.058243636041879654,365.41507427541313,1066.140380859375,0.017923831939697266
55.301784527953714,88.62890625698492,91.04079267224371,54.585289001464844,100.69757080078125,91.040794,1.8933461904525757,0.06412374973297119,365.41507427541313,1070.348388671875,0.014680862426757812
55.30188371037366,88.64624024555087,91.04273955774913,54.585289001464844,100.69757080078125,91.04273,1.8924143314361572,0.06883697956800461,364.37019032066365,1070.3336181640625,0.013381719589233398
55.30188371037366,88.64624024555087,91.04273955774913,54.585289001464844,100.69757080078125,91.04273,1.8920824527740479,0.07276595383882523,364.37019032066365,1074.6324462890625,0.012563467025756836
55.301937115727924,88.65576173039153,91.04560970666398,54.585289001464844,100.69757080078125,91.04561,1.892103910446167,0.07614941895008087,363.7968755184923,1076.600830078125,0.013223886489868164
55.301937115727924,88.65576173039153,91.04560970666398,54.585289001464844,100.69757080078125,91.04561,1.892310380935669,0.07913269102573395,363.7968755184923,1081.0042724609375,0.01940631866455078
55.30195237370208,88.65979005023837,91.04854260344267,54.585289001464844,100.69757080078125,91.048546,1.8926000595092773,0.08177752792835236,363.5544294681178,1084.43994140625,0.013966560363769531
55.30195237370208,88.65979005023837,91.04854260344267,54.585289001464844,100.69757080078125,91.048546,1.8928554058074951,0.084205761551857,363.5544294681178,1088.94287109375,0.013807535171508789
55.302028669219,88.67443848634139,91.04945590602247,54.585289001464844,100.69757080078125,91.049446,1.8930963277816772,0.08627548068761826,362.673566004651,1089.83642578125,0.01379251480102539
55.302028669219,88.67443848634139,91.04945590602247,54.585289001464844,100.69757080078125,91.049446,1.8838902711868286,0.10479974001646042,362.673566004651,1094.43798828125,0.012626409530639648
55.302028669219,88.67443848634139,91.04945590602247,54.585289001464844,100.69757080078125,91.049446,1.9011112451553345,0.13933302462100983,362.673566004651,1095.6002197265625,0.017261505126953125
55.30205918609863,88.68029785947874,91.0514030472156,54.585289001464844,100.69757080078125,91.0514,1.8904683589935303,0.11576337367296219,362.32152110835347,1090.2677001953125,0.015281438827514648
55.30205918609863,88.68029785947874,91.0514030472156,54.585289001464844,100.69757080078125,91.0514,1.8852641582489014,0.1390870064496994,362.32152110835347,1087.662841796875,0.01808619499206543
55.30210496223299,88.68981934571639,91.05238393462174,54.585289001464844,100.69757080078125,91.05238,1.8814499378204346,0.1371082216501236,361.7498003205607,1081.8958740234375,0.012848138809204102
55.30210496223299,88.68981934571639,91.05238393462174,54.585289001464844,100.69757080078125,91.05238,1.8875372409820557,0.13770298659801483,361.7498003205607,1086.4007568359375,0.014499425888061523
55.302165996748954,88.69982911320403,91.05622916469822,54.585289001464844,100.69757080078125,91.05623,1.8913580179214478,0.13421179354190826,361.14929557048947,1088.492919921875,0.015790700912475586
55.302165996748954,88.69982911320403,91.05622916469822,54.585289001464844,100.69757080078125,91.05623,1.8944826126098633,0.12968753278255463,361.14929557048947,1093.1663818359375,0.015605688095092773
55.30222703167237,88.71398926759139,91.05427284855327,54.585289001464844,100.69757080078125,91.05427,1.896890640258789,0.12463663518428802,360.3005662544174,1094.3594970703125,0.018952131271362305
55.30222703167237,88.71398926759139,91.05427284855327,54.585289001464844,100.69757080078125,91.05427,1.8836923837661743,0.1017938032746315,360.3005662544174,1095.903564453125,0.013271331787109375
55.30230332643259,88.72802735492587,91.06007411206673,54.585289001464844,100.69757080078125,91.060074,1.8308486938476562,0.10361077636480331,359.46019961107106,1090.71337890625,0.012266874313354492
55.30230332643259,88.72802735492587,91.06007411206673,54.585289001464844,100.69757080078125,91.060074,1.8376566171646118,0.16811296343803406,359.46019961107106,1084.2513427734375,0.016394376754760742
55.30235673265997,88.73815918900073,91.06294373213517,54.585289001464844,100.69757080078125,91.06294,1.854775309562683,0.13999535143375397,358.8542805777804,1070.74755859375,0.014217615127563477
55.30235673265997,88.73815918900073,91.06294373213517,54.585289001464844,100.69757080078125,91.06294,1.8515681028366089,0.14128832519054413,358.8542805777804,1067.4490966796875,0.018700838088989258
55.30237962002866,88.74218751164153,91.06391969744614,54.585289001464844,100.69757080078125,91.06392,1.8588720560073853,0.13562798500061035,358.6135213636837,1070.770751953125,0.014075756072998047
55.30237962002866,88.74218751164153,91.06391969744614,54.585289001464844,100.69757080078125,91.06392,1.9110279083251953,0.0722510814666748,358.6135213636837,1072.952880859375,0.01585221290588379
55.30245591443963,88.75695802131668,91.06490042865433,54.585289001464844,100.69757080078125,91.064896,1.9130443334579468,0.08155743777751923,357.73140482544613,1061.54736328125,0.01545858383178711
55.30245591443963,88.75695802131668,91.06490042865433,54.585289001464844,100.69757080078125,91.064896,1.9135305881500244,0.08048980683088303,357.73140482544613,1066.106201171875,0.01376199722290039
55.3025016913889,88.76708985446021,91.06874273826453,54.585289001464844,100.69757080078125,91.06874,1.913779854774475,0.08039797842502594,357.1269241327937,1068.2275390625,0.018426895141601562
55.30254746763967,88.77612305618823,91.06874273826453,54.585289001464844,100.69757080078125,91.06874,1.9144182205200195,0.08076969534158707,356.5884400859039,1070.6636962890625,0.01613903045654297
55.30254746763967,88.77612305618823,91.06874273826453,54.585289001464844,100.69757080078125,91.06874,1.914848804473877,0.08116500824689865,356.5884400859039,1075.387451171875,0.012778520584106445
55.30254746763967,88.77612305618823,91.06874273826453,54.585289001464844,100.69757080078125,91.06874,1.9151158332824707,0.08146554976701736,356.5884400859039,1080.17724609375,0.014362096786499023
55.30259324249346,88.78625489538535,91.06971870793353,54.585289001464844,100.69757080078125,91.06972,1.9152151346206665,0.08160993456840515,355.9849299308372,1082.4822998046875,0.012898921966552734
55.30259324249346,88.78625489538535,91.06971870793353,54.585289001464844,100.69757080078125,91.06972,1.921730637550354,0.10806982219219208,355.9849299308372,1087.3729248046875,0.01823258399963379
55.30264664883725,88.7963867331855,91.07163689725938,54.585289001464844,100.69757080078125,91.07163,1.915055513381958,0.10058337450027466,355.3819605125965,1085.2679443359375,0.016411781311035156
55.30264664883725,88.7963867331855,91.07163689725938,54.585289001464844,100.69757080078125,91.07163,1.918726921081543,0.1076538935303688,355.3819605125965,1090.2235107421875,0.01392507553100586
55.302738202910405,88.8164062621072,91.07454001818786,54.585289001464844,100.69757080078125,91.07454,1.9033890962600708,0.10608267039060593,354.19201037925194,1086.17822265625,0.01605057716369629
55.302738202910405,88.8164062621072,91.07454001818786,54.585289001464844,100.69757080078125,91.07454,1.9043196439743042,0.1010698601603508,354.19201037925194,1091.161865234375,0.013551950454711914
55.302738202910405,88.8164062621072,91.07454001818786,54.585289001464844,100.69757080078125,91.07454,1.9042075872421265,0.09654557704925537,354.19201037925194,1096.149169921875,0.01237344741821289
55.30279160669306,88.82702637650073,91.07743745911594,54.585289001464844,100.69757080078125,91.07743,1.9045013189315796,0.09236682951450348,353.5615872933168,1098.531494140625,0.01568293571472168
55.30283738311846,88.83605958288535,91.07936455245762,54.585289001464844,100.69757080078125,91.07935,1.9045968055725098,0.08841846883296967,353.0258101307097,1101.3419189453125,0.016054153442382812
55.30283738311846,88.83605958288535,91.07936455245762,54.585289001464844,100.69757080078125,91.07935,1.9181798696517944,0.03370392695069313,353.0258101307097,1105.66650390625,0.015775203704833984
55.302883160999045,88.84680176712573,91.08033537221162,54.585289001464844,100.69757080078125,91.08033,1.9305998086929321,0.0518888458609581,352.3891701671157,1098.01513671875,0.012658834457397461
55.302883160999045,88.84680176712573,91.08033537221162,54.585289001464844,100.69757080078125,91.08033,1.8956602811813354,0.06384722888469696,352.3891701671157,1100.2633056640625,0.01306295394897461
55.302883160999045,88.84680176712573,91.08033537221162,54.585289001464844,100.69757080078125,91.08033,1.9024230241775513,0.08818208426237106,352.3891701671157,1087.3941650390625,0.015279054641723633
55.302936566004064,88.85729981772602,91.08225780334459,54.585289001464844,100.69757080078125,91.08226,1.8912614583969116,0.13627763092517853,351.7675874476721,1080.37109375,0.018798112869262695
55.302936566004064,88.85729981772602,91.08225780334459,54.585289001464844,100.69757080078125,91.08226,1.946492075920105,0.1845831573009491,351.7675874476721,1076.4906005859375,0.015977144241333008
55.30303574941354,88.87731934711337,91.08613283976865,54.585289001464844,100.69757080078125,91.08613,1.9498687982559204,0.18644173443317413,350.58376205532136,1072.014404296875,0.013869524002075195
55.30303574941354,88.87731934711337,91.08613283976865,54.585289001464844,100.69757080078125,91.08613,1.9393057823181152,0.18731825053691864,350.58376205532136,1076.9945068359375,0.013000249862670898
55.30303574941354,88.87731934711337,91.08613283976865,54.585289001464844,100.69757080078125,91.08613,1.9288383722305298,0.18579401075839996,350.58376205532136,1082.0648193359375,0.012297630310058594
55.30310441314941,88.89294434897602,91.0911683290053,54.585289001464844,100.69757080078125,91.091156,1.8787171840667725,0.1484687179327011,349.6611615797793,1082.16259765625,0.01564645767211914
55.30310441314941,88.89294434897602,91.0911683290053,54.585289001464844,100.69757080078125,91.091156,1.8670754432678223,0.15505623817443848,349.6611615797793,1079.7451171875,0.016236305236816406
55.303173077176325,88.90734864445403,91.0899798383384,54.585289001464844,100.69757080078125,91.08997,1.8952581882476807,0.19219788908958435,348.8117401042734,1068.074462890625,0.014142990112304688
55.303173077176325,88.90734864445403,91.0899798383384,54.585289001464844,100.69757080078125,91.08997,1.836130142211914,0.20172594487667084,348.8117401042734,1064.2230224609375,0.019057035446166992
55.303173077176325,88.90734864445403,91.0899798383384,54.585289001464844,100.69757080078125,91.08997,1.8815144300460815,0.25847041606903076,348.8117401042734,1055.446044921875,0.014381647109985352
55.30323411244899,88.9184570433572,91.09367182703241,54.585289001464844,100.69757080078125,91.093666,1.854111671447754,0.21903809905052185,348.1574152318068,1043.592529296875,0.018871068954467773
55.303257001622114,88.92321778507903,91.09633036558175,54.585289001464844,100.69757080078125,91.09633,1.8663936853408813,0.2251266986131668,347.8771674690643,1045.2646484375,0.017130136489868164
55.303257001622114,88.92321778507903,91.09633036558175,54.585289001464844,100.69757080078125,91.09633,1.9155770540237427,0.22357922792434692,347.8771674690643,1036.2666015625,0.013957738876342773
55.30327988858335,88.92797852633521,91.0978532085013,54.585289001464844,100.69757080078125,91.097855,1.9182969331741333,0.20630709826946259,347.5970330517128,1027.28564453125,0.013107776641845703
55.30327988858335,88.92797852633521,91.0978532085013,54.585289001464844,100.69757080078125,91.097855,1.9143083095550537,0.1973210871219635,347.5970330517128,1031.8341064453125,0.012366533279418945
55.3033409237396,88.93933107051998,91.09938098246008,54.585289001464844,100.69757080078125,91.09938,1.9116203784942627,0.18676920235157013,346.9295002934425,1033.6910400390625,0.014108896255493164
55.3033409237396,88.93933107051998,91.09938098246008,54.585289001464844,100.69757080078125,91.09938,1.9089244604110718,0.17711468040943146,346.9295002934425,1038.341064453125,0.01596522331237793
55.3033409237396,88.93933107051998,91.09938098246008,54.585289001464844,100.69757080078125,91.09938,1.9074007272720337,0.1677720993757248,346.9295002934425,1042.495849609375,0.015724897384643555
55.30344773479737,88.9602050902322,91.10749985234145,54.585289001464844,100.69757080078125,91.1075,1.9066342115402222,0.15976324677467346,345.7037644735864,1042.1441650390625,0.014011144638061523
55.30344773479737,88.9602050902322,91.10749985234145,54.585289001464844,100.69757080078125,91.1075,1.9063936471939087,0.15102098882198334,345.7037644735864,1046.8441162109375,0.013496160507202148
55.30356217629742,88.98120118305087,91.11244097438644,54.585289001464844,100.69757080078125,91.11244,1.8763264417648315,0.1752195954322815,344.47308343239894,1044.3028564453125,0.01224064826965332
55.30356217629742,88.98120118305087,91.11244097438644,54.585289001464844,100.69757080078125,91.11244,1.9015966653823853,0.124470554292202,344.47308343239894,1041.9149169921875,0.020199060440063477
55.30356217629742,88.98120118305087,91.11244097438644,54.585289001464844,100.69757080078125,91.11244,1.8889662027359009,0.1546889692544937,344.47308343239894,1044.4462890625,0.012573003768920898
55.30360032297904,88.99145509069785,91.11570840705213,54.585289001464844,100.69757080078125,91.11571,1.9076800346374512,0.15293799340724945,343.87279043119185,1034.2176513671875,0.01339268684387207
55.30360032297904,88.99145509069785,91.11570840705213,54.585289001464844,100.69757080078125,91.11571,1.8298871517181396,0.15598270297050476,343.87279043119185,1031.5469970703125,0.015594244003295898
55.303714764188044,89.01342774601653,91.11900010810487,54.585289001464844,100.69757080078125,91.119,1.826762080192566,0.15501700341701508,342.58833625187754,1024.7144775390625,0.016294479370117188
55.303714764188044,89.01342774601653,91.11900010810487,54.585289001464844,100.69757080078125,91.119,1.8611458539962769,0.16808487474918365,342.58833625187754,1019.3572387695312,0.019791126251220703
55.303714764188044,89.01342774601653,91.11900010810487,54.585289001464844,100.69757080078125,91.119,1.825980305671692,0.18525822460651398,342.58833625187754,1013.6190795898438,0.01614832878112793
55.30376816925127,89.02368165366352,91.12562226595091,54.585289001464844,100.69757080078125,91.125626,1.8840359449386597,0.20271514356136322,341.9897503343407,1000.9364624023438,0.017284631729125977
55.30376816925127,89.02368165366352,91.12562226595091,54.585289001464844,100.69757080078125,91.125626,1.8542016744613647,0.139474019408226,341.9897503343407,995.0106201171875,0.01377415657043457
55.30382157629356,89.03466798039153,91.12394502419123,54.585289001464844,100.69757080078125,91.12395,1.9069068431854248,0.11446508020162582,341.3489781473611,992.9868774414062,0.014322757720947266
55.30382157629356,89.03466798039153,91.12394502419123,54.585289001464844,100.69757080078125,91.12395,1.8400262594223022,0.1222199946641922,341.3489781473611,993.0111694335938,0.017843961715698242
55.30388261133339,89.04626466101035,91.12889464511846,54.585289001464844,100.69757080078125,91.12889,1.8222904205322266,0.1420578956604004,340.67327884701723,982.7001342773438,0.015299320220947266
55.30388261133339,89.04626466101035,91.12889464511846,54.585289001464844,100.69757080078125,91.12889,1.7660245895385742,0.19483889639377594,340.67327884701723,977.3516235351562,0.014588594436645508
55.30398942227475,89.06787110771984,91.13053822554402,54.585289001464844,100.69757080078125,91.13053,1.7879449129104614,0.2104937583208084,339.41611311416256,968.4554443359375,0.014351844787597656
55.30398942227475,89.06787110771984,91.13053822554402,54.585289001464844,100.69757080078125,91.13053,1.8075920343399048,0.19370658695697784,339.41611311416256,961.0074462890625,0.01485300064086914
55.30398942227475,89.06787110771984,91.13053822554402,54.585289001464844,100.69757080078125,91.13053,1.8170545101165771,0.17769110202789307,339.41611311416256,964.6255493164062,0.01673293113708496
55.30404282786185,89.07971192756668,91.14042327020488,54.585289001464844,100.69757080078125,91.14042,1.8229461908340454,0.16594219207763672,338.72812965222727,965.6005249023438,0.015871524810791016
55.30404282786185,89.07971192756668,91.14042327020488,54.585289001464844,100.69757080078125,91.14042,1.8274400234222412,0.15430834889411926,338.72812965222727,969.4240112304688,0.01405644416809082
55.30409623525338,89.08996583148837,91.1437489716287,54.585289001464844,100.69757080078125,91.14375,1.8311227560043335,0.14332997798919678,338.1329424062487,970.918212890625,0.013710975646972656
55.30409623525338,89.08996583148837,91.1437489716287,54.585289001464844,100.69757080078125,91.14375,1.8295650482177734,0.13146130740642548,338.1329424062487,974.8719482421875,0.013702869415283203
55.30414964084048,89.10180665086955,91.14042327020488,54.585289001464844,100.69757080078125,91.14042,1.8314287662506104,0.12181906402111053,337.4462670980525,975.401611328125,0.015383005142211914
55.30414964084048,89.10180665086955,91.14042327020488,54.585289001464844,100.69757080078125,91.14042,1.8814425468444824,0.06371990591287613,337.4462670980525,975.46728515625,0.01845574378967285
55.30414964084048,89.10180665086955,91.14042327020488,54.585289001464844,100.69757080078125,91.14042,1.891833782196045,0.06873049587011337,337.4462670980525,975.789306640625,0.017654895782470703
55.30423356255051,89.11889649694785,91.15031772405358,54.585289001464844,100.69757080078125,91.15031,1.8880858421325684,0.06513369083404541,336.456449790416,975.9802856445312,0.015787124633789062
55.30423356255051,89.11889649694785,91.15031772405358,54.585289001464844,100.69757080078125,91.15031,1.8386807441711426,0.11672195047140121,336.456449790416,979.3163452148438,0.01450657844543457
55.304309856379405,89.13513184944168,91.14869827399666,54.585289001464844,100.69757080078125,91.1487,1.8114558458328247,0.17047549784183502,335.51746373314154,970.408203125,0.01651310920715332
55.304309856379405,89.13513184944168,91.14869827399666,54.585289001464844,100.69757080078125,91.1487,1.858872413635254,0.1707678735256195,335.51746373314154,972.312255859375,0.01300954818725586
55.3043937801267,89.15246583335102,91.15196602580916,54.585289001464844,100.69757080078125,91.15197,1.8771491050720215,0.18834097683429718,334.5164009791915,964.6409301757812,0.013822317123413086
55.3043937801267,89.15246583335102,91.15196602580916,54.585289001464844,100.69757080078125,91.15197,1.872367262840271,0.1807275414466858,334.5164009791915,968.8152465820312,0.013906717300415039
55.304470074828714,89.1693115355447,91.15901422082229,54.585289001464844,100.69757080078125,91.15901,1.8726775646209717,0.17107892036437988,333.5449577569933,969.1322021484375,0.013356447219848633
55.304470074828714,89.1693115355447,91.15901422082229,54.585289001464844,100.69757080078125,91.15901,1.8734875917434692,0.159707173705101,333.5449577569933,973.4254150390625,0.0179290771484375
55.304470074828714,89.1693115355447,91.15901422082229,54.585289001464844,100.69757080078125,91.15901,1.818686842918396,0.18549726903438568,333.5449577569933,976.9345092773438,0.013270139694213867
55.30452347919345,89.18151856819168,91.1651765656926,54.585289001464844,100.69757080078125,91.16517,1.8359779119491577,0.306187242269516,332.841893144212,969.1157836914062,0.013926506042480469
55.30454636918148,89.18713380163535,91.16712918207189,54.585289001464844,100.69757080078125,91.16713,1.849534511566162,0.3070567548274994,332.5187276808036,964.8732299804688,0.016428709030151367
55.30454636918148,89.18713380163535,91.16712918207189,54.585289001464844,100.69757080078125,91.16713,1.8352718353271484,0.3322465121746063,332.5187276808036,958.15380859375,0.01443171501159668
55.30457688512979,89.19238282274455,91.16917407941071,54.585289001464844,100.69757080078125,91.169174,1.8462473154067993,0.3196754455566406,332.2168136738686,950.475830078125,0.016828060150146484
55.30457688512979,89.19238282274455,91.16917407941071,54.585289001464844,100.69757080078125,91.169174,1.8197373151779175,0.31159281730651855,332.2168136738686,943.1317138671875,0.012953996658325195
55.30463792080991,89.20507813524455,91.16917407941071,54.585289001464844,100.69757080078125,91.169174,1.8204536437988281,0.28351178765296936,331.4871263379445,943.8523559570312,0.012847900390625
55.30463792080991,89.20507813524455,91.16917407941071,54.585289001464844,100.69757080078125,91.169174,1.8699150085449219,0.2558583915233612,331.4871263379445,944.598388671875,0.01636672019958496
55.30475236172788,89.22778321476653,91.17848208077262,54.585289001464844,100.69757080078125,91.17848,1.8715420961380005,0.23708590865135193,330.1841369876458,936.836669921875,0.01316070556640625
55.30475236172788,89.22778321476653,91.17848208077262,54.585289001464844,100.69757080078125,91.17848,1.874440312385559,0.2201683223247528,330.1841369876458,940.8043212890625,0.014575958251953125
55.30475236172788,89.22778321476653,91.17848208077262,54.585289001464844,100.69757080078125,91.17848,1.8759257793426514,0.20436540246009827,330.1841369876458,944.8446655273438,0.015824079513549805
55.30480576818809,89.24023438664153,91.17848208077262,54.585289001464844,100.69757080078125,91.17848,1.8768824338912964,0.19006402790546417,329.47065521091963,946.0794677734375,0.012793540954589844
55.30486680404283,89.25268555851653,91.18208507329936,54.585289001464844,100.69757080078125,91.18208,1.8779491186141968,0.17642325162887573,328.75797605642924,947.38330078125,0.015696287155151367
55.30486680404283,89.25268555851653,91.18208507329936,54.585289001464844,100.69757080078125,91.18208,1.8793259859085083,0.16322895884513855,328.75797605642924,951.6196899414062,0.013065814971923828
55.30491257959511,89.26367188617587,91.18690480158388,54.585289001464844,100.69757080078125,91.186905,1.8810486793518066,0.150312140583992,328.1297562090377,953.3607788085938,0.018446922302246094
55.30491257959511,89.26367188617587,91.18690480158388,54.585289001464844,100.69757080078125,91.186905,1.88308584690094,0.13761313259601593,328.1297562090377,957.71044921875,0.015694141387939453
55.30497361480957,89.28576661273837,91.18861624211578,54.585289001464844,100.69757080078125,91.18862,1.885372281074524,0.12511610984802246,326.86805192229536,956.95849609375,0.013828277587890625
55.30497361480957,89.28576661273837,91.18861624211578,54.585289001464844,100.69757080078125,91.18862,1.887834072113037,0.112836092710495,326.86805192229536,961.41552734375,0.015933990478515625
55.30498887330759,89.29138184711337,91.18690480158388,54.585289001464844,100.69757080078125,91.186905,1.8903980255126953,0.10080388933420181,326.547785880764,964.616455078125,0.014345884323120117
55.3049965025275,89.29675293853506,91.18946505165032,54.585289001464844,100.69757080078125,91.18947,1.8929955959320068,0.08905797451734543,326.2415670379939,967.9159545898438,0.016037702560424805
55.3049965025275,89.29675293853506,91.18946505165032,54.585289001464844,100.69757080078125,91.18947,1.8955650329589844,0.07763887941837311,326.2415670379939,972.536865234375,0.015221357345581055
55.3049965025275,89.29675293853506,91.18946505165032,54.585289001464844,100.69757080078125,91.18947,1.8980518579483032,0.06658586114645004,326.2415670379939,977.1893920898438,0.015186548233032227
55.30504227860365,89.31237794132903,91.19105724987959,54.585289001464844,100.69757080078125,91.191055,1.9004075527191162,0.05593546852469444,325.35165306718454,978.2134399414062,0.01676154136657715
55.30504227860365,89.31237794132903,91.19105724987959,54.585289001464844,100.69757080078125,91.191055,1.9325305223464966,0.017839325591921806,325.35165306718454,982.3359375,0.016666889190673828
55.30505753867328,89.31945801712573,91.19026090767161,54.585289001464844,100.69757080078125,91.190254,1.9281445741653442,0.027922429144382477,324.9487931618511,976.34521484375,0.015744924545288086
55.30505753867328,89.31945801712573,91.19026090767161,54.585289001464844,100.69757080078125,91.190254,1.9209001064300537,0.01797308772802353,324.9487931618511,981.2053833007812,0.014656305313110352
55.30516434862511,89.3575439574197,91.19495935897179,54.585289001464844,100.69757080078125,91.194954,1.9184366464614868,0.012069311924278736,322.78607330902446,977.0647583007812,0.014137744903564453
55.30516434862511,89.3575439574197,91.19495935897179,54.585289001464844,100.69757080078125,91.194954,1.873358964920044,0.09206575900316238,322.78607330902446,980.612548828125,0.013185739517211914
55.30516434862511,89.3575439574197,91.19495935897179,54.585289001464844,100.69757080078125,91.194954,1.9014496803283691,0.048882856965065,322.78607330902446,977.5449829101562,0.015349626541137695
55.30517960805446,89.36352540133521,91.19886074384866,54.585289001464844,100.69757080078125,91.19886,1.8877826929092407,-0.009486915543675423,322.4470690053998,964.1722412109375,0.015027523040771484
55.305179608170874,89.36584473680705,91.1980679836115,54.585289001464844,100.69757080078125,91.19806,1.876414179801941,0.021949466317892075,322.31564518643955,964.9500122070312,0.014223814010620117
55.305179608170874,89.36584473680705,91.1980679836115,54.585289001464844,100.69757080078125,91.19806,1.8661173582077026,0.020337898284196854,322.31564518643955,958.7879028320312,0.021320104598999023
55.305194866727106,89.36865235492587,91.19886074384866,54.585289001464844,100.69757080078125,91.19886,1.8969796895980835,-0.007200512569397688,322.15664401920316,954.4879150390625,0.012995481491088867
55.305194866727106,89.36865235492587,91.19886074384866,54.585289001464844,100.69757080078125,91.19886,1.8304083347320557,-0.04230603575706482,322.15664401920316,951.9951782226562,0.017479658126831055
55.305179608869366,89.36975098820403,91.19859093975252,54.585289001464844,100.69757080078125,91.198586,1.8662638664245605,-0.032130952924489975,322.09436048211546,945.287109375,0.017168045043945312
55.305179608869366,89.36975098820403,91.19859093975252,54.585289001464844,100.69757080078125,91.198586,1.8549609184265137,-0.08698979020118713,322.09436048211546,938.5867309570312,0.01372838020324707
55.30519486631965,89.36987306270748,91.19856336337202,54.585289001464844,100.69757080078125,91.198555,1.8586585521697998,-0.0732152983546257,322.0875012485347,939.1571655273438,0.01759958267211914
55.30519486631965,89.36987306270748,91.19856336337202,54.585289001464844,100.69757080078125,91.198555,1.8746418952941895,-0.03946513310074806,322.0875012485347,937.5563354492188,0.012816190719604492
55.30519486631965,89.36987306270748,91.19856336337202,54.585289001464844,100.69757080078125,91.198555,1.8643132448196411,-0.06208296865224838,322.0875012485347,937.4525146484375,0.014535665512084961
55.3051948674256,89.36975098773837,91.1986255979545,54.585289001464844,100.69757080078125,91.19862,1.8542098999023438,-0.055491480976343155,322.0944154315288,932.8621826171875,0.02011847496032715
55.3051948674256,89.36975098773837,91.1986255979545,54.585289001464844,100.69757080078125,91.19862,1.8330472707748413,-0.023049309849739075,322.0944154315288,929.108642578125,0.01845097541809082
55.3051948674256,89.36975098773837,91.1986255979545,54.585289001464844,100.69757080078125,91.19862,1.831652045249939,-0.027746114879846573,322.0944154315288,924.1519775390625,0.015358448028564453
55.305202496703714,89.3697509886697,91.19852562575059,54.585289001464844,100.69757080078125,91.19852,1.8568800687789917,-0.07613112777471542,322.0944428407354,918.322265625,0.01463627815246582
55.305202496703714,89.3697509886697,91.19852562575059,54.585289001464844,100.69757080078125,91.19852,1.8775416612625122,-0.06644988059997559,322.0944428407354,912.3092041015625,0.013756513595581055
55.305202495655976,89.3696289206855,91.19868591304522,54.585289001464844,100.69757080078125,91.198685,1.8317848443984985,0.0075042652897536755,322.10135669486425,907.9631958007812,0.01855635643005371
55.305202495655976,89.3696289206855,91.19868591304522,54.585289001464844,100.69757080078125,91.198685,1.8597689867019653,0.011146966367959976,322.10135669486425,902.9785766601562,0.01621699333190918
55.305202495655976,89.3696289206855,91.19868591304522,54.585289001464844,100.69757080078125,91.198685,1.8217014074325562,-0.022420348599553108,322.10135669486425,899.6327514648438,0.014236688613891602
55.305202495655976,89.3696289206855,91.19868591304522,54.585289001464844,100.69757080078125,91.198685,1.7998441457748413,0.045817356556653976,322.10135669486425,894.8267211914062,0.013794183731079102
55.30520249682013,89.36950684757903,91.19868591304522,54.585289001464844,100.69757080078125,91.198685,1.781003713607788,-0.0090743163600564,322.1082709215853,894.2335205078125,0.014236688613891602
55.30520249682013,89.36950684757903,91.19868591304522,54.585289001464844,100.69757080078125,91.198685,1.8102223873138428,-0.0317949578166008,322.1082709215853,894.755859375,0.021988630294799805
55.30520249682013,89.36950684757903,91.19926537740442,54.585289001464844,100.69757080078125,91.199265,1.825779676437378,-0.025667482987046242,322.1082709215853,890.83544921875,0.01602792739868164
55.30520249682013,89.36950684757903,91.19926537740442,54.585289001464844,100.69757080078125,91.199265,1.8330413103103638,-0.03393197059631348,322.1082709215853,893.4647827148438,0.01570916175842285
55.30519486637786,89.36962891882285,91.20042309696308,54.585289001464844,100.69757080078125,91.200424,1.8406622409820557,-0.036189161241054535,322.10132933840816,896.9589233398438,0.012695550918579102
55.30519486637786,89.36962891882285,91.20042309696308,54.585289001464844,100.69757080078125,91.200424,1.8456710577011108,-0.038559384644031525,322.10132933840816,900.5429077148438,0.013480186462402344
55.30519486637786,89.36962891882285,91.20042309696308,54.585289001464844,100.69757080078125,91.200424,1.84929621219635,-0.04035940766334534,322.10132933840816,904.2136840820312,0.016167402267456055
55.305202495423146,89.37036134162918,91.20256310352505,54.585289001464844,100.69757080078125,91.20256,1.8395034074783325,-0.008204326964914799,322.05987392571865,906.79833984375,0.015275955200195312
55.305202495423146,89.37036134162918,91.20256310352505,54.585289001464844,100.69757080078125,91.20256,1.8417720794677734,-0.008160085417330265,322.05987392571865,906.8524169921875,0.014414310455322266
55.305202496412676,89.37048341101035,91.20299250420804,54.585289001464844,100.69757080078125,91.20299,1.8556846380233765,-0.029159849509596825,322.0529604392871,910.4539184570312,0.013525962829589844
55.305202496412676,89.37048341101035,91.20299250420804,54.585289001464844,100.69757080078125,91.20299,1.8481236696243286,-0.03819141909480095,322.0529604392871,909.798095703125,0.013821601867675781
55.30520249629626,89.37072755163535,91.20299250420804,54.585289001464844,100.69757080078125,91.20299,1.8106813430786133,-0.0298770684748888,322.03913357690584,908.73291015625,0.01666259765625
55.30520249629626,89.37072755163535,91.20299250420804,54.585289001464844,100.69757080078125,91.20299,1.814775824546814,-0.03673597425222397,322.03913357690584,911.2717895507812,0.01527714729309082
55.30520249623805,89.37097169226035,91.2038709460711,54.585289001464844,100.69757080078125,91.20387,1.8315542936325073,-0.08056678622961044,322.0253070127573,911.5363159179688,0.018587589263916016
55.30520249623805,89.37097169226035,91.2038709460711,54.585289001464844,100.69757080078125,91.20387,1.8581379652023315,-0.07817105203866959,322.0253070127573,906.5618896484375,0.013933897018432617
55.30520249588881,89.37170411227271,91.20563779943839,54.585289001464844,100.69757080078125,91.20564,1.8642592430114746,-0.1658245474100113,321.98382921330284,902.8050537109375,0.014649391174316406
55.30520249588881,89.37170411227271,91.20563779943839,54.585289001464844,100.69757080078125,91.20564,1.8620500564575195,-0.16547714173793793,321.98382921330284,897.6226806640625,0.016533613204956055
55.30520249588881,89.37170411227271,91.20563779943839,54.585289001464844,100.69757080078125,91.20564,1.855379343032837,-0.15934202075004578,321.98382921330284,901.2711791992188,0.015280723571777344
55.30520249676192,89.37231446616352,91.20740866354106,54.585289001464844,100.69757080078125,91.207405,1.8735376596450806,-0.13914138078689575,321.94926621377493,903.6956787109375,0.018492460250854492
55.30520249676192,89.37231446616352,91.20740866354106,54.585289001464844,100.69757080078125,91.207405,1.887140154838562,-0.15411582589149475,321.94926621377493,904.6445922851562,0.014481306076049805
55.30520249676192,89.37231446616352,91.20740866354106,54.585289001464844,100.69757080078125,91.207405,1.8731541633605957,-0.1500999629497528,321.94926621377493,898.8633422851562,0.019666194915771484
55.305202496703714,89.37255860306323,91.20783770672953,54.585289001464844,100.69757080078125,91.20783,1.863197922706604,-0.13544927537441254,321.9354417977227,902.649169921875,0.01694488525390625
55.305202496703714,89.37255860306323,91.20783770672953,54.585289001464844,100.69757080078125,91.20783,1.8559234142303467,-0.1209007278084755,321.9354417977227,906.5089721679688,0.014214515686035156
55.30520249635447,89.37353517021984,91.20997321748268,54.585289001464844,100.69757080078125,91.20997,1.8503522872924805,-0.10841897875070572,321.88014600587144,910.1593017578125,0.019226789474487305
55.30520249635447,89.37353517021984,91.20997321748268,54.585289001464844,100.69757080078125,91.20997,1.8641875982284546,-0.10652089864015579,321.88014600587144,911.9396362304688,0.015818357467651367
55.30520249705296,89.37438965914771,91.2104058322114,54.585289001464844,100.69757080078125,91.21041,1.8587760925292969,-0.09316336363554001,321.83176651843837,912.146484375,0.014475584030151367
55.30520249705296,89.37438965914771,91.2104058322114,54.585289001464844,100.69757080078125,91.21041,1.861796259880066,-0.08289757370948792,321.83176651843837,916.0904541015625,0.016316652297973633
55.30520249705296,89.37438965914771,91.2104058322114,54.585289001464844,100.69757080078125,91.21041,1.8627938032150269,-0.07714590430259705,321.83176651843837,920.0745849609375,0.012295246124267578
55.30520249705296,89.37438965914771,91.2104058322114,54.585289001464844,100.69757080078125,91.21041,1.8483139276504517,-0.1327025294303894,321.83176651843837,922.7711791992188,0.013610124588012695
55.305210126098245,89.37512208521366,91.21125187413358,54.585289001464844,100.69757080078125,91.21126,1.8413996696472168,-0.10708887130022049,321.7903283558789,925.7911987304688,0.017040491104125977
55.305210126098245,89.37512208521366,91.21125187413358,54.585289001464844,100.69757080078125,91.21126,1.8817944526672363,-0.07837430387735367,321.7903283558789,923.754150390625,0.01336526870727539
55.305202495423146,89.37573243444785,91.21211309189728,54.585289001464844,100.69757080078125,91.21211,1.8741495609283447,-0.0570080392062664,321.7557485804052,917.0046997070312,0.016243457794189453
55.305202495423146,89.37573243444785,91.21211309189728,54.585289001464844,100.69757080078125,91.21211,1.875341773033142,-0.04545311629772186,321.7557485804052,921.0968017578125,0.015478372573852539
55.30520249623805,89.37634278461337,91.21254166578132,54.585289001464844,100.69757080078125,91.21254,1.8837295770645142,2.37650383496657e-05,321.72119808505266,923.7285766601562,0.013360261917114258
55.30521012522513,89.37707520648837,91.214282450893,54.585289001464844,100.69757080078125,91.21428,1.8838611841201782,0.00556169031187892,321.6797673121019,926.3839721679688,0.01789546012878418
55.30521012522513,89.37707520648837,91.214282450893,54.585289001464844,100.69757080078125,91.21428,1.8734580278396606,0.003211334580555558,321.6797673121019,926.4100952148438,0.015733957290649414
55.305210125865415,89.37841798178852,91.21515744262427,54.585289001464844,100.69757080078125,91.21515,1.884351372718811,-0.08262793719768524,321.60376741267334,915.9882202148438,0.01725935935974121
55.305210125865415,89.37841798178852,91.21515744262427,54.585289001464844,100.69757080078125,91.21515,1.8536498546600342,-0.09213040769100189,321.60376741267334,911.4092407226562,0.012675285339355469
55.305210125865415,89.37841798178852,91.21515744262427,54.585289001464844,100.69757080078125,91.21515,1.825345754623413,-0.07066726684570312,321.60376741267334,906.7642211914062,0.012401580810546875
55.30521012539975,89.3793945433572,91.21644498795966,54.585289001464844,100.69757080078125,91.21644,1.7780373096466064,-0.03200842812657356,321.5485005470133,905.0220336914062,0.01887822151184082
55.30521012644749,89.37976075569168,91.21687627730203,54.585289001464844,100.69757080078125,91.216866,1.8092052936553955,-0.05106666684150696,321.52777660731675,897.8318481445312,0.014349699020385742
55.30521012644749,89.37976075569168,91.21687627730203,54.585289001464844,100.69757080078125,91.216866,1.8567867279052734,-0.025686075910925865,321.52777660731675,895.905029296875,0.016605854034423828
55.30521012621466,89.38024903601035,91.21729827179576,54.585289001464844,100.69757080078125,91.21729,1.8586502075195312,-0.01491788774728775,321.50014588304515,893.45654296875,0.012345552444458008
55.30521012621466,89.38024903601035,91.21729827179576,54.585289001464844,100.69757080078125,91.21729,1.856467604637146,0.00909210741519928,321.50014588304515,897.1099853515625,0.018999338150024414
55.30521012621466,89.38024903601035,91.21729827179576,54.585289001464844,100.69757080078125,91.21729,1.854029893875122,0.02945365570485592,321.50014588304515,900.7839965820312,0.013162374496459961
55.30521012691315,89.38110352540389,91.21729827179576,54.585289001464844,100.69757080078125,91.21729,1.851999044418335,0.046270862221717834,321.4517950538838,904.271484375,0.015506505966186523
55.30521012691315,89.38110352540389,91.21729827179576,54.585289001464844,100.69757080078125,91.21729,1.8501319885253906,0.060618579387664795,321.4517950538838,907.9994506835938,0.02004408836364746
55.30521012505051,89.38293457962573,91.21906773133175,54.585289001464844,100.69757080078125,91.21906,1.8493173122406006,0.04693083092570305,321.3481981031735,910.931396484375,0.0164947509765625
55.30521012505051,89.38293457962573,91.21906773133175,54.585289001464844,100.69757080078125,91.21906,1.8538626432418823,0.0651741474866867,321.3481981031735,906.8146362304688,0.017141103744506836
55.30521012580721,89.3837890708819,91.21991984128711,54.585289001464844,100.69757080078125,91.21992,1.8517898321151733,0.07095744460821152,321.29985864269656,910.3916625976562,0.013689517974853516
55.30521012580721,89.3837890708819,91.21991984128711,54.585289001464844,100.69757080078125,91.21992,1.8507003784179688,0.07823952287435532,321.29985864269656,914.2066650390625,0.0161898136138916
55.30521012539975,89.38500977819785,91.22080934842549,54.585289001464844,100.69757080078125,91.2208,1.8554043769836426,0.0929795429110527,321.2308082859019,917.796142578125,0.024132490158081055
55.30521012539975,89.38500977819785,91.22080934842549,54.585289001464844,100.69757080078125,91.2208,1.8507434129714966,0.09739992022514343,321.2308082859019,919.540771484375,0.6166143417358398
